,zip,income,term,interest,principal,adj_bls_2,race_asian,race_black,race_hispanic/latino,race_other,race_white,gender_female,gender_male,gender_non-binary,type_auto,type_home,type_personal,approved_False,approved_True
1277,60626.0,47527.0,84,5.250434204107676,5130,0.38,0,1,0,0,0,0,1,0,1,0,0,1,0
179,60614.0,120489.0,300,2.86016578466136,961097,0.16,0,0,0,0,1,1,0,0,0,1,0,0,1
125,60615.0,61074.0,360,4.131633500916185,419839,0.07,0,1,0,0,0,1,0,0,0,1,0,1,0
726,60615.0,124954.0,84,6.893459589931002,55300,2.19,0,1,0,0,0,0,1,0,1,0,0,0,1
433,60615.0,7591.0,48,5.532879059387824,6762,0.09,0,1,0,0,0,1,0,0,0,0,1,1,0
542,60614.0,18713.0,24,23.579119328042783,9198,1.15,0,0,0,0,1,1,0,0,0,0,1,0,1
385,60626.0,13501.0,72,3.671975477440316,7966,0.08,0,0,1,0,0,0,1,0,1,0,0,1,0
259,60625.0,2271.0,84,5.954572760479273,13637,0.1,0,0,0,0,1,1,0,0,1,0,0,1,0
994,60615.0,20636.0,72,5.357905807031226,12295,0.07,0,1,0,0,0,0,1,0,1,0,0,1,0
864,60615.0,62004.0,72,5.838250044663973,54501,0.39,0,0,0,0,1,1,0,0,1,0,0,1,0
220,60623.0,19986.0,60,9.29852078652176,28665,0.13,0,1,0,0,0,0,1,0,0,0,1,0,1
1029,60623.0,49135.0,360,1.941224187585301,303165,0.13,0,1,0,0,0,0,1,0,0,1,0,1,0
858,60623.0,30220.0,60,7.3221811830881185,12346,1.91,0,1,0,0,0,0,1,0,0,0,1,1,0
88,60615.0,3335.0,84,6.216821578542067,16612,1.69,0,1,0,0,0,0,1,0,1,0,0,1,0
429,60623.0,36379.0,24,4.880426908850996,36930,0.15,0,1,0,0,0,0,0,1,0,0,1,0,1
826,60614.0,22502.0,60,5.656244990186228,3146,1.04,0,0,0,0,1,0,1,0,1,0,0,1,0
234,60615.0,104647.0,180,5.192702803011938,657650,1.95,0,0,1,0,0,1,0,0,0,1,0,1,0
217,60623.0,42109.0,360,3.6021574628259323,258230,0.09,0,0,1,0,0,1,0,0,0,1,0,1,0
548,60614.0,100724.0,360,5.869262934856503,906610,0.11,0,0,1,0,0,1,0,0,0,1,0,0,1
308,60625.0,4174.0,18,13.127306836430533,6225,0.13,0,0,0,1,0,0,1,0,0,0,1,1,0
404,60623.0,14342.0,72,5.9498883584468185,16955,0.91,0,0,1,0,0,0,1,0,1,0,0,1,0
229,60625.0,25508.0,60,10.216710858454434,38042,0.15,0,0,0,0,1,1,0,0,0,0,1,0,1
720,60637.0,36308.0,360,4.367802138536368,245659,0.09,0,1,0,0,0,0,1,0,0,1,0,1,0
199,60637.0,14530.0,72,4.118177898238443,18306,0.09,0,0,0,1,0,0,1,0,1,0,0,1,0
26,60637.0,31124.0,60,5.370937374138615,34634,0.1,0,1,0,0,0,1,0,0,1,0,0,1,0
390,60611.0,629.0,84,4.995348648353808,15152,0.15,1,0,0,0,0,0,1,0,1,0,0,1,0
80,60626.0,15063.0,48,11.153332566455898,9228,0.34,0,0,0,0,1,1,0,0,0,0,1,1,0
630,60623.0,38762.0,300,3.774213213846943,301002,0.14,0,0,1,0,0,1,0,0,0,1,0,1,0
460,60637.0,7338.0,60,5.113579083847121,13112,0.08,0,1,0,0,0,0,1,0,1,0,0,1,0
589,60626.0,38966.0,84,5.21829377525324,2840,0.37,0,0,0,0,1,1,0,0,1,0,0,1,0
568,60611.0,78927.0,180,3.604619933334825,587150,0.16,0,0,0,0,1,0,1,0,0,1,0,1,0
1112,60625.0,99907.0,360,1.6931481803515078,790873,0.09,0,1,0,0,0,1,0,0,0,1,0,0,1
1063,60623.0,31778.0,60,6.933848985855607,26540,0.14,0,0,1,0,0,1,0,0,1,0,0,1,0
790,60614.0,38768.0,48,22.140040082642955,7213,0.4,0,0,0,1,0,1,0,0,0,0,1,1,0
1118,60615.0,67765.0,180,7.646052806571347,443214,2.2,0,1,0,0,0,0,1,0,0,1,0,1,0
980,60614.0,113796.0,360,5.646747149184561,686497,1.42,0,0,0,0,1,1,0,0,0,1,0,0,1
98,60611.0,378.0,24,5.331545379490189,278,2.19,0,0,0,1,0,1,0,0,0,0,1,1,0
680,60623.0,47917.0,84,5.870940252348769,20273,0.38,0,0,1,0,0,0,1,0,1,0,0,0,1
621,60611.0,63646.0,180,2.211505840800395,433635,1.16,1,0,0,0,0,1,0,0,0,1,0,1,0
890,60615.0,34789.0,84,3.942888883331333,9884,1.15,0,1,0,0,0,0,1,0,1,0,0,1,0
284,60637.0,19733.0,84,6.105654844560017,7100,0.9,1,0,0,0,0,1,0,0,1,0,0,1,0
1145,60614.0,56346.0,72,6.996686031903339,16302,0.41,0,0,0,0,1,1,0,0,1,0,0,0,1
1283,60623.0,57942.0,72,4.702083417916337,6271,0.08,0,1,0,0,0,0,1,0,1,0,0,1,0
804,60637.0,53308.0,240,8.3620672482794,411226,0.09,0,1,0,0,0,1,0,0,0,1,0,1,0
615,60623.0,20523.0,48,12.80112463106426,9474,0.08,0,1,0,0,0,0,1,0,0,0,1,1,0
337,60626.0,90456.0,300,3.854214625006743,798435,0.09,0,0,0,1,0,0,1,0,0,1,0,0,1
161,60626.0,28790.0,12,3.202627575381209,25838,0.39,0,0,0,0,1,1,0,0,0,0,1,1,0
1292,60611.0,174576.0,240,3.3093929233333617,1158326,0.09,0,0,0,0,1,0,1,0,0,1,0,0,1
41,60625.0,92464.0,360,2.183689813744345,564246,1.15,0,0,0,0,1,0,1,0,0,1,0,0,1
279,60615.0,42604.0,72,7.897595819516548,8615,2.19,0,1,0,0,0,1,0,0,1,0,0,1,0
670,60626.0,33979.0,84,4.104174415302128,7421,0.16,1,0,0,0,0,1,0,0,1,0,0,1,0
17,60615.0,116963.0,72,8.675490941609073,136231,2.27,0,1,0,0,0,0,1,0,1,0,0,1,0
605,60623.0,6253.0,60,12.789990660216455,11247,0.79,0,0,1,0,0,1,0,0,0,0,1,0,1
251,60626.0,48705.0,180,5.4636305354872325,360591,0.12,0,0,1,0,0,0,1,0,0,1,0,1,0
409,60623.0,98328.0,84,6.355524466930707,44913,1.3,0,1,0,0,0,0,1,0,1,0,0,0,1
441,60625.0,51237.0,240,1.584069487334545,382534,0.12,0,0,1,0,0,1,0,0,0,1,0,1,0
628,60637.0,112467.0,180,2.3795410787755595,697623,0.16,0,1,0,0,0,1,0,0,0,1,0,1,0
1231,60637.0,78546.0,240,2.9637161722709657,536141,0.39,0,1,0,0,0,0,1,0,0,1,0,1,0
652,60625.0,109587.0,240,5.767765062775327,959152,1.69,0,0,0,1,0,0,1,0,0,1,0,1,0
861,60614.0,92512.0,84,6.015450662271096,16783,0.34,0,0,0,0,1,0,1,0,1,0,0,0,1
946,60623.0,19686.0,360,2.820151683704561,102200,0.09,0,1,0,0,0,0,1,0,0,1,0,1,0
341,60626.0,9137.0,48,3.6586203621767934,6361,0.41,0,1,0,0,0,1,0,0,0,0,1,1,0
1055,60611.0,207002.0,240,4.563262835448161,1502898,0.37,0,0,0,1,0,0,1,0,0,1,0,0,1
606,60623.0,22009.0,12,6.862393839783559,14613,0.08,0,1,0,0,0,0,1,0,0,0,1,1,0
1119,60615.0,93548.0,180,1.0612020141533716,678956,0.38,0,1,0,0,0,0,1,0,0,1,0,1,0
95,60611.0,13050.0,84,3.342058749419181,12471,0.15,0,0,0,0,1,0,1,0,1,0,0,0,1
250,60623.0,49716.0,300,2.308713913218796,251999,2.19,0,0,0,0,1,1,0,0,0,1,0,1,0
1244,60623.0,72107.0,360,0.9783325556630792,426509,0.09,0,0,1,0,0,0,1,0,0,1,0,1,0
1138,60637.0,29058.0,84,2.8361111120015465,760,0.09,0,1,0,0,0,0,1,0,1,0,0,1,0
728,60615.0,79261.0,300,5.366823915217733,511476,0.08,0,1,0,0,0,1,0,0,0,1,0,1,0
1128,60626.0,17950.0,60,6.186914747416974,23433,1.91,0,0,0,1,0,0,1,0,1,0,0,1,0
648,60614.0,354654.0,360,4.177779352732419,2627830,0.14,0,1,0,0,0,0,1,0,0,1,0,0,1
867,60615.0,44528.0,84,6.12049730609222,3225,0.54,0,1,0,0,0,1,0,0,1,0,0,1,0
488,60615.0,14418.0,48,16.171779457001353,2445,0.09,0,1,0,0,0,1,0,0,0,0,1,1,0
185,60637.0,44572.0,360,2.132131535289333,280962,1.69,0,1,0,0,0,1,0,0,0,1,0,1,0
533,60611.0,241306.0,72,3.398068559568104,35455,0.08,0,0,0,0,1,0,1,0,1,0,0,0,1
257,60625.0,36720.0,60,21.225009411097552,33854,1.15,0,0,1,0,0,0,1,0,0,0,1,0,1
175,60623.0,41400.0,48,8.54987785290842,28715,0.16,0,0,1,0,0,0,1,0,0,0,1,1,0
363,60614.0,76344.0,300,3.3306780803007894,613305,0.41,0,0,0,0,1,0,1,0,0,1,0,0,1
183,60623.0,9806.0,18,15.072070777891067,4638,2.2,0,1,0,0,0,1,0,0,0,0,1,1,0
899,60623.0,48315.0,360,0.6214279257104731,366805,0.07,0,0,1,0,0,0,1,0,0,1,0,1,0
253,60625.0,19047.0,48,13.938905200754254,23667,0.09,0,0,1,0,0,1,0,0,0,0,1,0,1
530,60625.0,7921.0,84,3.767288972286536,16805,0.14,0,0,1,0,0,0,1,0,1,0,0,0,1
271,60625.0,55812.0,84,5.963828613528031,7296,1.15,0,0,0,0,1,0,1,0,1,0,0,0,1
344,60637.0,34822.0,18,12.808252127765892,60275,0.09,0,1,0,0,0,0,1,0,0,0,1,0,1
68,60615.0,17098.0,72,4.458911165670483,2846,0.38,0,1,0,0,0,0,1,0,1,0,0,1,0
584,60615.0,25262.0,24,8.346174009443644,32633,1.15,0,1,0,0,0,0,1,0,0,0,1,0,1
370,60615.0,23178.0,18,12.504255690083886,36619,0.1,0,0,0,0,1,1,0,0,0,0,1,0,1
104,60626.0,73971.0,360,5.132788137145071,591989,1.95,0,0,0,0,1,0,1,0,0,1,0,0,1
1251,60611.0,144335.0,240,6.469971109104411,1013190,1.04,0,0,0,0,1,0,1,0,0,1,0,0,1
454,60611.0,263923.0,84,8.747031878688938,67088,1.69,0,0,0,1,0,0,1,0,1,0,0,0,1
346,60615.0,56864.0,84,5.350320403452674,21155,0.14,0,1,0,0,0,1,0,0,1,0,0,1,0
137,60637.0,60658.0,84,5.190243699397352,11524,0.14,0,1,0,0,0,0,1,0,1,0,0,1,0
288,60626.0,40247.0,60,5.645225534596237,22766,1.15,0,0,0,1,0,0,1,0,1,0,0,1,0
1090,60625.0,17658.0,84,4.474877652582324,29845,0.08,0,0,0,1,0,0,1,0,1,0,0,0,1
746,60615.0,49174.0,18,11.572141397119026,34726,0.14,0,1,0,0,0,0,1,0,0,0,1,0,1
814,60614.0,87630.0,360,2.8347551827756523,557767,0.4,0,0,0,0,1,1,0,0,0,1,0,0,1
750,60611.0,130952.0,84,4.96435767022305,70880,0.09,0,0,0,1,0,1,0,0,1,0,0,0,1
1012,60614.0,137005.0,180,0.7117797428970876,951463,0.41,0,0,0,0,1,1,0,0,0,1,0,1,0
367,60625.0,109148.0,240,1.7464245860945804,859827,0.41,0,0,1,0,0,1,0,0,0,1,0,1,0
1236,60637.0,32756.0,72,4.360216392485204,49529,0.08,0,0,0,0,1,0,1,0,1,0,0,1,0
146,60614.0,201462.0,180,2.221323610921258,1384734,0.09,0,0,0,0,1,1,0,0,0,1,0,1,0
958,60626.0,86469.0,180,0.5030356402152604,602063,0.16,0,1,0,0,0,0,1,0,0,1,0,1,0
396,60614.0,52176.0,60,9.336209884567864,46616,1.15,0,0,0,0,1,0,1,0,0,0,1,1,0
1185,60623.0,65023.0,240,1.5525460316200217,323541,0.54,0,1,0,0,0,0,1,0,0,1,0,1,0
1114,60623.0,32720.0,18,19.231329828952592,12549,0.24,0,0,1,0,0,0,1,0,0,0,1,0,1
766,60615.0,20204.0,48,4.190983581356619,11008,1.04,0,1,0,0,0,0,1,0,0,0,1,1,0
516,60614.0,144235.0,60,15.444532218667208,81837,0.65,0,0,0,0,1,1,0,0,0,0,1,1,0
1217,60614.0,74464.0,360,4.948201608403266,547916,0.07,0,0,0,0,1,0,1,0,0,1,0,0,1
208,60615.0,92639.0,72,6.164999041519913,66278,1.51,0,1,0,0,0,0,1,0,1,0,0,1,0
555,60625.0,20903.0,60,6.012713383214445,36341,1.51,0,0,0,0,1,1,0,0,0,0,1,0,1
275,60614.0,178477.0,300,2.8495973989809844,1092965,0.09,0,0,0,0,1,1,0,0,0,1,0,0,1
1007,60623.0,78319.0,360,5.352348120840989,600695,0.07,0,1,0,0,0,0,1,0,0,1,0,0,1
329,60611.0,60695.0,60,11.008222689657815,66416,0.37,0,0,0,0,1,1,0,0,0,0,1,0,1
265,60615.0,19133.0,60,7.157459906963504,10395,0.65,0,1,0,0,0,1,0,0,1,0,0,1,0
880,60623.0,53131.0,360,3.8939879275833023,240637,0.13,0,1,0,0,0,1,0,0,0,1,0,1,0
131,60625.0,4217.0,12,8.957189743881731,188,1.15,0,0,1,0,0,1,0,0,0,0,1,1,0
569,60615.0,91612.0,72,8.215236383793968,29878,1.15,0,1,0,0,0,1,0,0,1,0,0,0,1
236,60623.0,43946.0,300,3.2229974938211803,326501,0.14,0,1,0,0,0,0,1,0,0,1,0,1,0
350,60626.0,72462.0,72,6.131189392333392,60254,0.07,0,0,0,1,0,0,1,0,1,0,0,1,0
101,60614.0,12748.0,240,6.058825109613824,90124,0.16,0,0,0,1,0,1,0,0,0,1,0,1,0
857,60615.0,69823.0,180,0.865950486047245,505451,0.09,0,1,0,0,0,0,1,0,0,1,0,1,0
1181,60623.0,56129.0,72,6.230452243742982,42018,0.41,0,1,0,0,0,0,1,0,1,0,0,1,0
843,60623.0,11619.0,240,2.682408810342774,93784,0.13,0,0,1,0,0,1,0,0,0,1,0,1,0
525,60626.0,95131.0,360,4.489193327861561,742668,0.16,0,0,0,0,1,0,1,0,0,1,0,0,1
459,60623.0,34289.0,84,5.323235409285085,19977,0.4,0,0,1,0,0,1,0,0,1,0,0,1,0
595,60611.0,140348.0,360,4.583491802541617,1020828,1.82,0,0,0,0,1,1,0,0,0,1,0,0,1
464,60623.0,62321.0,360,1.3648322538059734,358476,0.38,0,1,0,0,0,0,1,0,0,1,0,1,0
1265,60615.0,36562.0,84,4.399160068679062,11,0.07,0,1,0,0,0,0,1,0,1,0,0,1,0
431,60626.0,49316.0,72,4.877349760493687,9207,0.34,0,0,0,0,1,1,0,0,1,0,0,1,0
486,60625.0,98721.0,180,2.875997721085129,617044,0.13,1,0,0,0,0,1,0,0,0,1,0,1,0
192,60614.0,71401.0,360,3.644015607801677,458391,0.16,0,0,0,0,1,1,0,0,0,1,0,0,1
147,60614.0,19081.0,84,7.261472468849708,17710,0.4,0,0,0,0,1,0,1,0,1,0,0,0,1
1101,60611.0,37632.0,180,3.1795382238596392,256461,0.14,1,0,0,0,0,1,0,0,0,1,0,1,0
772,60637.0,14115.0,60,6.939608099536477,15911,1.16,0,1,0,0,0,0,1,0,0,0,1,0,1
245,60611.0,188269.0,18,17.098115156645214,28959,0.4,0,0,0,0,1,0,1,0,0,0,1,1,0
579,60615.0,17508.0,240,6.364369807486034,98534,0.13,0,1,0,0,0,0,1,0,0,1,0,1,0
824,60615.0,16179.0,84,5.4342609750331565,6396,1.69,0,1,0,0,0,1,0,0,1,0,0,1,0
1142,60623.0,28307.0,72,6.576641611388496,15008,0.41,0,1,0,0,0,0,1,0,1,0,0,1,0
511,60625.0,69382.0,180,7.00777931714112,577857,2.27,0,0,0,1,0,0,1,0,0,1,0,1,0
118,60623.0,23764.0,60,3.504080030554459,362,0.15,0,1,0,0,0,1,0,0,1,0,0,1,0
713,60623.0,23360.0,180,4.400001399329039,139454,1.3,0,0,0,1,0,0,1,0,0,1,0,1,0
27,60611.0,171927.0,84,6.561888871767944,101036,1.7,0,0,0,0,1,0,1,0,1,0,0,0,1
330,60625.0,73428.0,360,1.971636840473026,468738,0.12,0,0,0,1,0,0,1,0,0,1,0,0,1
299,60615.0,3538.0,300,2.297681958757663,22103,0.12,0,0,0,0,1,1,0,0,0,1,0,1,0
1011,60626.0,26777.0,60,8.088614986987933,2057,1.91,0,0,0,0,1,1,0,0,1,0,0,1,0
823,60623.0,6732.0,72,5.105252939901719,12772,0.08,0,0,1,0,0,1,0,0,1,0,0,1,0
588,60614.0,120492.0,72,6.362018837926713,31754,0.14,0,0,0,0,1,0,1,0,1,0,0,0,1
1268,60623.0,27563.0,360,3.157131448138136,241900,0.14,0,0,1,0,0,0,1,0,0,1,0,1,0
1146,60623.0,47851.0,180,4.320836099903579,382181,0.09,0,0,1,0,0,0,1,0,0,1,0,1,0
878,60614.0,33776.0,180,4.360048111941923,203931,1.69,0,0,0,0,1,1,0,0,0,1,0,1,0
623,60615.0,4656.0,72,4.792815430201251,15179,0.1,0,1,0,0,0,1,0,0,1,0,0,1,0
624,60614.0,58.0,12,8.030111489063554,82,0.36,1,0,0,0,0,1,0,0,0,0,1,1,0
620,60615.0,61187.0,180,0.5464308182321608,323607,0.15,0,0,0,0,1,0,1,0,0,1,0,1,0
1247,60614.0,168823.0,60,4.481708935364995,29709,0.66,0,0,0,0,1,0,1,0,1,0,0,0,1
526,60614.0,125254.0,360,2.6487513829927383,887141,0.07,0,0,0,0,1,0,1,0,0,1,0,0,1
945,60637.0,1350.0,72,4.976576757165514,14682,0.11,0,1,0,0,0,1,0,0,1,0,0,1,0
317,60614.0,167789.0,24,21.564365757166787,137416,0.91,0,0,0,0,1,0,1,0,0,0,1,0,1
135,60623.0,417.0,180,3.9211046938455167,2633,1.41,0,0,1,0,0,1,0,0,0,1,0,1,0
53,60614.0,93705.0,300,1.6730970269411436,583592,1.16,0,0,0,1,0,1,0,0,0,1,0,0,1
580,60611.0,115575.0,24,1.1125207280818386,279998,0.34,0,0,0,0,1,1,0,0,0,0,1,0,1
1008,60626.0,60124.0,180,0.6271208559827725,456940,0.09,0,0,0,0,1,0,1,0,0,1,0,1,0
1047,60614.0,56696.0,360,3.094411866578203,370722,1.15,0,0,0,0,1,0,1,0,0,1,0,0,1
988,60615.0,53439.0,18,11.646733130143572,88393,0.08,0,1,0,0,0,0,1,0,0,0,1,0,1
799,60615.0,10160.0,72,8.475166632653995,9405,2.19,0,0,0,0,1,1,0,0,1,0,0,1,0
231,60615.0,62218.0,84,6.675557670822441,45757,0.11,0,0,0,1,0,0,1,0,1,0,0,1,0
174,60623.0,31582.0,18,7.792758262532632,53705,0.37,0,1,0,0,0,1,0,0,0,0,1,0,1
1050,60615.0,7474.0,180,4.2148903221410325,48131,1.42,0,0,1,0,0,1,0,0,0,1,0,1,0
773,60614.0,113277.0,360,2.1837145480115088,853215,0.11,0,0,0,0,1,0,1,0,0,1,0,0,1
1254,60615.0,68767.0,360,4.340866353575572,465434,0.9,0,0,0,1,0,1,0,0,0,1,0,1,0
243,60623.0,38535.0,60,10.027279344452484,46827,0.16,0,0,1,0,0,1,0,0,0,0,1,0,1
1094,60625.0,10414.0,72,5.259526815850187,14420,0.13,0,0,1,0,0,0,1,0,1,0,0,0,1
691,60626.0,84789.0,72,5.150467317877143,46036,0.4,0,1,0,0,0,0,1,0,1,0,0,0,1
1005,60614.0,60524.0,360,1.5368011091892129,429357,0.13,0,0,0,0,1,1,0,0,0,1,0,0,1
345,60623.0,34688.0,360,2.893282266413479,222120,0.13,0,1,0,0,0,1,0,0,0,1,0,1,0
830,60611.0,350770.0,180,5.402977208033624,2750416,0.16,0,0,0,0,1,0,1,0,0,1,0,1,0
476,60625.0,88042.0,240,2.479059146321207,556995,2.2,0,0,1,0,0,0,1,0,0,1,0,0,1
379,60623.0,25823.0,300,1.0172512040140589,167586,0.12,0,0,1,0,0,0,1,0,0,1,0,1,0
809,60623.0,7450.0,72,3.868466227070468,16143,0.07,0,0,1,0,0,0,1,0,1,0,0,1,0
393,60637.0,102194.0,240,1.4427639109847543,592361,0.39,0,1,0,0,0,0,1,0,0,1,0,1,0
631,60625.0,138154.0,84,4.54969828946124,80692,0.12,0,0,0,0,1,0,1,0,1,0,0,0,1
351,60637.0,70553.0,360,2.7528316611434485,566977,0.07,0,0,0,1,0,0,1,0,0,1,0,1,0
928,60637.0,43517.0,12,8.189618144826019,32236,1.91,0,1,0,0,0,0,1,0,0,0,1,0,1
910,60623.0,8697.0,180,0.209623455461467,69102,0.09,0,0,1,0,0,0,1,0,0,1,0,1,0
931,60615.0,60247.0,18,7.792297537211609,75259,0.16,0,0,0,1,0,1,0,0,0,0,1,0,1
294,60623.0,47000.0,12,5.733148600246635,40642,0.9,0,1,0,0,0,0,1,0,0,0,1,0,1
467,60614.0,78145.0,240,2.880899715184917,640166,0.12,0,0,0,0,1,0,1,0,0,1,0,1,0
1056,60623.0,20330.0,72,5.796114801376883,13062,0.65,0,0,0,1,0,0,1,0,1,0,0,1,0
539,60614.0,2746.0,72,5.113212108553893,15856,0.11,0,0,0,1,0,1,0,0,1,0,0,1,0
805,60623.0,65209.0,300,6.306508798715457,453342,0.07,0,0,1,0,0,0,1,0,0,1,0,1,0
389,60615.0,89410.0,300,1.7931501985224516,533825,0.12,0,0,1,0,0,0,1,0,0,1,0,1,0
1240,60637.0,77017.0,360,4.273044652322282,579322,1.16,1,0,0,0,0,0,1,0,0,1,0,1,0
487,60615.0,42427.0,84,5.05978140743356,33986,0.41,0,1,0,0,0,1,0,0,1,0,0,1,0
108,60614.0,10256.0,84,5.090304051729069,9865,0.15,0,0,0,1,0,1,0,0,1,0,0,0,1
387,60625.0,17918.0,60,8.190942692919597,20324,0.12,0,1,0,0,0,0,1,0,0,0,1,0,1
130,60626.0,45301.0,84,6.139690065842067,3444,0.34,0,0,1,0,0,0,1,0,1,0,0,1,0
69,60611.0,165786.0,300,2.811817639520418,935690,0.1,0,1,0,0,0,0,1,0,0,1,0,0,1
817,60623.0,19442.0,72,5.10093394681853,23322,0.15,0,0,1,0,0,1,0,0,1,0,0,1,0
318,60626.0,71560.0,240,9.260076364830068,543545,1.69,0,0,0,1,0,0,1,0,0,1,0,1,0
323,60623.0,27033.0,360,4.4354230116983375,182176,0.9,0,0,1,0,0,1,0,0,0,1,0,1,0
342,60625.0,58040.0,72,7.0699440995033545,36879,2.2,0,0,1,0,0,0,1,0,1,0,0,0,1
807,60623.0,67649.0,300,3.818635656592921,541299,0.09,0,0,0,1,0,0,1,0,0,1,0,1,0
226,60625.0,75901.0,360,3.4515836646204634,457009,0.07,0,0,0,1,0,0,1,0,0,1,0,0,1
571,60611.0,49850.0,84,5.895816418738595,3098,0.13,0,0,0,1,0,1,0,0,1,0,0,1,0
360,60626.0,35386.0,60,2.5286372072851604,16911,0.14,0,1,0,0,0,1,0,0,1,0,0,1,0
484,60623.0,33550.0,84,5.518344376261989,22477,0.11,0,1,0,0,0,0,1,0,1,0,0,1,0
1241,60637.0,56100.0,180,0.7746456537796681,439420,0.16,0,1,0,0,0,1,0,0,0,1,0,1,0
181,60637.0,56168.0,12,10.459579715256798,101996,0.11,0,1,0,0,0,0,1,0,0,0,1,0,1
697,60637.0,25485.0,240,1.3988610048802808,126669,0.1,0,1,0,0,0,0,1,0,0,1,0,1,0
218,60614.0,49415.0,84,7.936335486465866,38530,1.15,0,0,0,0,1,0,1,0,1,0,0,0,1
1201,60614.0,115878.0,360,4.060363228438627,996730,0.38,0,0,0,0,1,0,1,0,0,1,0,0,1
666,60623.0,65549.0,72,7.891794234860122,5522,0.91,0,1,0,0,0,0,1,0,1,0,0,1,0
309,60615.0,21733.0,360,3.4181834150027286,179851,0.15,0,0,0,1,0,0,1,0,0,1,0,1,0
725,60637.0,21977.0,300,0.8948155309284652,117617,0.09,0,0,0,0,1,1,0,0,0,1,0,1,0
1143,60611.0,149421.0,360,5.983707316544178,1057968,0.09,1,0,0,0,0,1,0,0,0,1,0,0,1
1,60625.0,18543.0,360,0.2773182204772991,119738,0.14,0,0,0,1,0,0,1,0,0,1,0,1,0
18,60625.0,10278.0,72,5.351267949409467,13752,0.07,0,0,0,1,0,1,0,0,1,0,0,0,1
920,60625.0,52619.0,84,5.803410684826911,29302,0.09,0,0,0,1,0,0,1,0,1,0,0,0,1
992,60614.0,46765.0,180,0.6089346615644409,325997,0.07,0,0,0,0,1,1,0,0,0,1,0,1,0
882,60615.0,86974.0,72,1.930587068145153,51544,0.38,0,1,0,0,0,0,1,0,1,0,0,1,0
1202,60614.0,121195.0,360,0.7605516345803494,941532,0.34,0,0,0,0,1,0,1,0,0,1,0,0,1
173,60626.0,116408.0,240,2.550246303014277,982479,2.2,0,0,0,0,1,0,1,0,0,1,0,1,0
1088,60615.0,5725.0,72,4.262901034412366,14834,0.07,0,0,0,0,1,0,1,0,1,0,0,1,0
314,60625.0,299486.0,84,6.038851661626998,101184,0.36,0,0,0,0,1,0,1,0,1,0,0,0,1
1099,60614.0,50168.0,72,4.860463647795988,32314,1.82,0,0,0,0,1,1,0,0,1,0,0,0,1
106,60614.0,252299.0,60,4.828340951939055,135727,0.79,0,0,0,0,1,0,1,0,1,0,0,0,1
811,60637.0,6348.0,12,18.0051186783144,1946,0.13,0,1,0,0,0,0,1,0,0,0,1,1,0
709,60623.0,14420.0,72,6.290444619421788,22716,0.12,0,0,1,0,0,1,0,0,1,0,0,1,0
428,60614.0,82927.0,300,1.9391238010480627,575908,0.08,0,0,0,0,1,0,1,0,0,1,0,0,1
996,60625.0,44408.0,72,5.950844206803789,12071,0.12,0,0,0,1,0,1,0,0,1,0,0,0,1
1235,60623.0,63168.0,60,7.479608023821413,40000,1.16,0,0,1,0,0,0,1,0,1,0,0,1,0
335,60623.0,17882.0,18,2.287140079917818,3291,1.95,0,1,0,0,0,1,0,0,0,0,1,1,0
911,60626.0,4204.0,24,9.324394276148327,7427,0.11,0,0,0,0,1,0,1,0,0,0,1,1,0
362,60611.0,101407.0,360,4.422228841614621,824142,1.82,0,0,0,0,1,1,0,0,0,1,0,0,1
343,60637.0,81577.0,84,4.138426867043162,83941,0.08,0,1,0,0,0,0,1,0,1,0,0,1,0
703,60611.0,9081.0,84,4.608214071338537,23042,0.08,1,0,0,0,0,0,1,0,1,0,0,0,1
590,60623.0,35276.0,84,6.824200297907939,34489,1.7,0,0,1,0,0,1,0,0,1,0,0,1,0
10,60625.0,109872.0,84,4.67383746666477,20056,1.15,0,0,1,0,0,1,0,0,1,0,0,0,1
551,60623.0,25360.0,72,7.7821940803315535,17073,1.51,0,0,1,0,0,0,1,0,1,0,0,1,0
819,60626.0,39049.0,360,2.873031844986173,253304,0.14,0,0,0,1,0,0,1,0,0,1,0,1,0
1187,60625.0,5242.0,24,9.350554212154952,7588,0.37,0,0,1,0,0,0,1,0,0,0,1,1,0
1171,60625.0,32149.0,360,6.406938720171105,228374,1.3,1,0,0,0,0,0,1,0,0,1,0,0,1
715,60623.0,72300.0,360,2.687555290696372,467603,1.16,0,1,0,0,0,1,0,0,0,1,0,1,0
692,60625.0,99570.0,72,4.543808774739692,2194,0.13,0,0,0,0,1,0,1,0,1,0,0,1,0
1022,60637.0,40822.0,180,4.433110077336853,331630,0.34,0,1,0,0,0,1,0,0,0,1,0,1,0
735,60626.0,28773.0,84,4.255126084850279,28428,0.09,0,1,0,0,0,0,1,0,1,0,0,1,0
1279,60623.0,7318.0,18,16.081061796385402,7323,0.66,0,1,0,0,0,1,0,0,0,0,1,1,0
1065,60625.0,119685.0,300,4.061987171432957,766290,0.13,0,0,0,0,1,0,1,0,0,1,0,0,1
74,60623.0,16861.0,12,8.721391974490313,6412,0.11,0,1,0,0,0,1,0,0,0,0,1,1,0
480,60611.0,153704.0,360,4.178322228753226,1145814,0.11,0,0,0,0,1,0,1,0,0,1,0,0,1
1071,60637.0,50005.0,60,8.550677786500666,41197,0.08,0,1,0,0,0,0,1,0,0,0,1,1,0
2,60623.0,30228.0,240,4.398938657265168,265779,0.08,0,0,0,1,0,0,1,0,0,1,0,1,0
394,60623.0,21092.0,84,5.335002326607182,14108,0.36,0,1,0,0,0,1,0,0,1,0,0,1,0
871,60625.0,18038.0,60,2.8385426997708656,10070,0.38,0,0,0,1,0,1,0,0,1,0,0,1,0
13,60611.0,303014.0,360,5.06510953574722,1910578,1.69,0,0,0,0,1,1,0,0,0,1,0,0,1
560,60623.0,22450.0,360,3.0402525373872207,161758,0.91,0,1,0,0,0,0,1,0,0,1,0,1,0
969,60623.0,2520.0,84,5.403709856356677,13964,0.09,0,1,0,0,0,1,0,0,1,0,0,1,0
1041,60614.0,123089.0,72,7.413822414522805,80391,2.19,0,0,0,0,1,0,1,0,1,0,0,0,1
9,60637.0,46070.0,18,17.87996107500589,48206,1.91,0,1,0,0,0,0,1,0,0,0,1,0,1
312,60626.0,71590.0,360,2.4314473049141765,542773,0.14,0,0,0,0,1,0,1,0,0,1,0,1,0
672,60623.0,32372.0,360,6.2884125713569325,199462,1.69,0,1,0,0,0,0,1,0,0,1,0,1,0
756,60626.0,33711.0,72,5.833628401894655,10935,0.08,0,0,0,0,1,0,1,0,1,0,0,1,0
1021,60626.0,14152.0,24,5.683893310794229,13442,0.09,0,0,0,1,0,1,0,0,0,0,1,1,0
1097,60625.0,27512.0,60,4.4551601525940265,3250,0.09,0,0,1,0,0,1,0,0,1,0,0,1,0
461,60637.0,18732.0,60,16.037333706844485,25603,1.42,0,1,0,0,0,0,1,0,0,0,1,0,1
109,60626.0,29460.0,84,4.668101626104946,17879,0.14,0,0,0,0,1,1,0,0,1,0,0,1,0
787,60623.0,15313.0,84,4.844132970287333,15711,0.1,0,0,1,0,0,0,1,0,1,0,0,1,0
204,60614.0,39062.0,18,4.110263836983718,35527,0.34,0,1,0,0,0,0,1,0,0,0,1,0,1
1288,60623.0,22052.0,72,5.892470810220054,2654,1.91,0,0,1,0,0,0,1,0,1,0,0,1,0
32,60637.0,48410.0,60,9.575622786556348,36997,1.51,0,1,0,0,0,1,0,0,0,0,1,1,0
83,60637.0,44096.0,84,6.796455633417315,39259,0.37,0,1,0,0,0,0,1,0,1,0,0,1,0
319,60623.0,28446.0,60,5.17663257255741,10411,1.95,0,1,0,0,0,1,0,0,1,0,0,1,0
561,60614.0,148429.0,180,2.710583411244824,904396,0.13,0,0,0,0,1,1,0,0,0,1,0,1,0
159,60626.0,64425.0,360,2.139506893602213,353691,0.37,0,1,0,0,0,0,1,0,0,1,0,1,0
887,60626.0,64715.0,180,4.669469422259275,418590,1.42,0,0,0,0,1,0,1,0,0,1,0,1,0
907,60626.0,30215.0,360,5.020436987051864,182419,1.69,0,0,0,0,1,1,0,0,0,1,0,1,0
301,60626.0,1812.0,180,2.54130484200304,14439,0.37,0,1,0,0,0,1,0,0,0,1,0,1,0
990,60625.0,37910.0,12,15.87298876272277,44672,1.91,0,0,0,1,0,0,1,0,0,0,1,0,1
1191,60615.0,14050.0,60,3.691309206602169,6868,0.1,0,1,0,0,0,0,1,0,1,0,0,1,0
673,60623.0,3541.0,18,19.331365522167843,4749,0.07,0,0,1,0,0,1,0,0,0,0,1,1,0
39,60637.0,44646.0,60,6.973099070694939,74510,0.39,0,1,0,0,0,0,1,0,0,0,1,0,1
596,60611.0,21697.0,72,4.742644577059384,3369,0.09,0,0,0,0,1,1,0,0,1,0,0,1,0
1106,60626.0,116869.0,24,8.634214932081566,1845,0.16,0,0,0,0,1,0,1,0,0,0,1,1,0
925,60615.0,768.0,12,10.761532111187693,476,0.17,0,0,0,0,1,1,0,0,0,0,1,1,0
16,60625.0,29667.0,60,4.091500100273987,10852,0.34,0,0,1,0,0,1,0,0,1,0,0,0,1
610,60625.0,28190.0,360,1.5993204231743436,199639,0.1,1,0,0,0,0,0,1,0,0,1,0,1,0
298,60626.0,129512.0,360,5.87227886080629,825827,1.04,0,1,0,0,0,0,1,0,0,1,0,0,1
1018,60623.0,8093.0,60,12.544101988268112,7528,0.09,0,1,0,0,0,0,1,0,0,0,1,0,1
724,60625.0,22321.0,18,12.34414201662922,21653,0.13,0,0,0,1,0,0,1,0,0,0,1,0,1
638,60626.0,78880.0,180,2.81850855242847,441493,0.14,1,0,0,0,0,1,0,0,0,1,0,1,0
263,60637.0,41907.0,18,4.235830700946699,43108,1.41,0,1,0,0,0,1,0,0,0,0,1,0,1
158,60614.0,60876.0,360,5.115344702009255,523908,0.14,0,0,0,0,1,0,1,0,0,1,0,0,1
403,60625.0,22656.0,18,15.592159691349847,32641,0.08,0,1,0,0,0,0,1,0,0,0,1,0,1
956,60637.0,5496.0,18,11.818886785097988,5274,0.66,0,1,0,0,0,0,1,0,0,0,1,1,0
315,60614.0,74273.0,72,7.019738542753953,7515,1.51,0,0,0,0,1,0,1,0,1,0,0,0,1
544,60623.0,11194.0,18,7.183471073806695,4841,0.07,0,0,1,0,0,0,1,0,0,0,1,1,0
774,60626.0,45835.0,360,1.2600605796771194,325847,0.08,0,0,1,0,0,1,0,0,0,1,0,1,0
249,60637.0,47493.0,60,5.055207538264957,21979,0.4,0,1,0,0,0,1,0,0,0,0,1,1,0
1006,60615.0,61323.0,360,4.8894979006759325,381911,0.11,0,1,0,0,0,1,0,0,0,1,0,1,0
422,60614.0,77822.0,240,1.973606016702763,592356,0.11,0,0,0,0,1,0,1,0,0,1,0,0,1
1224,60614.0,89563.0,60,6.382713696170574,44378,1.16,0,0,0,0,1,0,1,0,1,0,0,0,1
28,60625.0,119102.0,300,7.299843126495291,759201,0.15,0,0,0,0,1,0,1,0,0,1,0,0,1
718,60625.0,66200.0,72,5.410024853395526,1005,0.16,0,0,0,0,1,1,0,0,1,0,0,1,0
837,60637.0,10219.0,240,1.5719909374432603,80672,0.12,0,1,0,0,0,1,0,0,0,1,0,1,0
549,60637.0,25567.0,180,6.923651832575027,147375,1.16,0,1,0,0,0,1,0,0,0,1,0,1,0
332,60625.0,124745.0,240,2.9162021365761315,818866,0.09,0,0,0,1,0,1,0,0,0,1,0,0,1
1287,60637.0,91748.0,300,2.915518192362973,664475,0.09,0,1,0,0,0,0,1,0,0,1,0,1,0
1195,60615.0,8796.0,84,5.357176780651638,13084,0.14,0,1,0,0,0,1,0,0,1,0,0,1,0
172,60623.0,53324.0,12,10.907594061852349,61942,0.16,0,1,0,0,0,0,1,0,0,0,1,0,1
585,60623.0,79456.0,72,5.669001936300692,55527,0.09,0,1,0,0,0,1,0,0,1,0,0,1,0
283,60615.0,22703.0,72,5.531779591726863,17906,0.14,0,1,0,0,0,0,1,0,1,0,0,1,0
810,60623.0,6008.0,60,5.84212685827331,6320,0.91,0,1,0,0,0,0,1,0,1,0,0,1,0
1040,60625.0,8672.0,12,11.36740878918838,8289,0.09,0,0,1,0,0,0,1,0,0,0,1,1,0
970,60625.0,56493.0,84,5.139290632515067,59282,0.37,0,0,0,0,1,0,1,0,1,0,0,0,1
144,60614.0,87306.0,180,5.03718282762012,696621,1.42,0,0,0,0,1,1,0,0,0,1,0,1,0
62,60637.0,22201.0,360,4.416694309892128,168789,0.08,0,1,0,0,0,1,0,0,0,1,0,1,0
408,60625.0,104679.0,360,4.916286083463166,677265,0.11,0,1,0,0,0,0,1,0,0,1,0,0,1
916,60614.0,64048.0,360,4.837117004751426,583820,1.7,0,0,0,0,1,0,1,0,0,1,0,0,1
442,60637.0,57515.0,240,6.4406219159053695,387204,0.4,0,1,0,0,0,1,0,0,0,1,0,1,0
877,60637.0,96171.0,360,8.129760472773288,673990,0.16,0,1,0,0,0,0,1,0,0,1,0,0,1
1070,60623.0,62385.0,360,4.3352451578107205,400893,1.51,0,1,0,0,0,0,1,0,0,1,0,1,0
230,60614.0,14760.0,72,4.582478598071473,17533,0.11,0,0,0,0,1,0,1,0,1,0,0,0,1
909,60623.0,23938.0,60,16.207444619383747,11282,0.09,0,1,0,0,0,1,0,0,0,0,1,1,0
110,60623.0,29883.0,72,6.435442296253005,39967,0.36,0,0,1,0,0,1,0,0,1,0,0,1,0
997,60611.0,66698.0,24,14.28351814205217,68375,0.12,0,0,0,0,1,0,1,0,0,0,1,0,1
45,60615.0,16688.0,300,2.4344535297278216,97044,0.91,0,0,0,0,1,1,0,0,0,1,0,1,0
496,60615.0,59020.0,240,5.644484880030913,487007,0.12,0,1,0,0,0,0,1,0,0,1,0,1,0
1189,60625.0,102644.0,18,13.557672982625762,78216,0.11,0,0,0,0,1,0,1,0,0,0,1,0,1
936,60623.0,17785.0,18,9.762126784635166,29825,0.09,0,0,0,1,0,1,0,0,0,0,1,0,1
700,60623.0,42402.0,300,1.491105699681927,297604,0.07,0,0,1,0,0,1,0,0,0,1,0,1,0
622,60615.0,30763.0,360,1.8810444626607723,144118,0.09,0,1,0,0,0,0,1,0,0,1,0,1,0
818,60614.0,117948.0,360,2.8811089145779056,959017,0.11,0,0,0,0,1,1,0,0,0,1,0,0,1
1107,60626.0,12158.0,240,4.814197492341847,85020,0.54,0,1,0,0,0,1,0,0,0,1,0,1,0
575,60637.0,50027.0,84,5.972654034341884,13954,0.12,0,1,0,0,0,0,1,0,1,0,0,1,0
913,60637.0,84502.0,72,5.312372687793813,56962,1.69,0,1,0,0,0,0,1,0,1,0,0,1,0
242,60625.0,123293.0,360,1.2954424144088783,956542,0.66,0,0,0,0,1,0,1,0,0,1,0,0,1
627,60615.0,39854.0,240,5.840796114265636,266476,0.16,0,0,0,1,0,1,0,0,0,1,0,1,0
324,60637.0,39818.0,72,6.244081485241208,27890,2.27,0,0,0,1,0,1,0,0,1,0,0,1,0
870,60614.0,27374.0,84,5.217906591059258,11435,0.16,0,0,0,0,1,0,1,0,1,0,0,0,1
372,60625.0,25350.0,360,3.2541227919700693,145166,0.07,0,0,0,0,1,1,0,0,0,1,0,0,1
1025,60623.0,31427.0,72,4.761285720344887,13316,0.12,0,0,1,0,0,1,0,0,1,0,0,1,0
847,60623.0,32075.0,72,5.085383475806607,44316,2.27,0,0,1,0,0,1,0,0,1,0,0,1,0
207,60626.0,31145.0,72,6.683240754412461,11189,0.91,0,0,0,0,1,0,1,0,1,0,0,1,0
1048,60626.0,52267.0,48,13.608939748330078,12283,0.1,0,1,0,0,0,1,0,0,0,0,1,1,0
1205,60614.0,94859.0,360,2.1298560467160703,758072,1.95,0,0,0,0,1,0,1,0,0,1,0,0,1
57,60626.0,90654.0,72,7.273849381791936,37333,1.91,1,0,0,0,0,0,0,1,1,0,0,0,1
1153,60637.0,42733.0,48,2.477717566018029,94570,0.14,0,1,0,0,0,0,1,0,0,0,1,0,1
277,60611.0,115858.0,300,1.7726751542290284,959067,1.41,0,0,0,0,1,0,1,0,0,1,0,0,1
1270,60623.0,8630.0,48,7.240820253427017,9453,0.08,0,0,0,1,0,0,1,0,0,0,1,0,1
532,60614.0,88282.0,360,5.106229502608434,594533,1.15,0,0,0,0,1,1,0,0,0,1,0,0,1
894,60623.0,16841.0,84,6.932025484948822,20017,1.7,0,0,1,0,0,1,0,0,1,0,0,1,0
91,60637.0,33633.0,72,5.543890896266762,20382,0.16,0,0,0,0,1,1,0,0,1,0,0,1,0
838,60623.0,6923.0,12,8.007310639715334,9677,0.09,0,0,1,0,0,1,0,0,0,0,1,1,0
1233,60615.0,77444.0,240,6.533222430232351,584037,1.95,0,1,0,0,0,1,0,0,0,1,0,1,0
999,60623.0,12196.0,84,4.4003630719545,12207,0.66,0,0,1,0,0,1,0,0,1,0,0,1,0
564,60623.0,52958.0,300,6.59682685242781,335447,0.09,0,0,1,0,0,1,0,0,0,1,0,1,0
214,60623.0,64825.0,360,0.6571251908967176,453983,0.1,0,0,1,0,0,0,1,0,0,1,0,1,0
647,60626.0,49489.0,60,8.123384176860702,36211,1.69,0,0,0,0,1,1,0,0,0,0,1,1,0
1214,60615.0,40009.0,84,4.7355392319965,28815,0.14,0,1,0,0,0,1,0,0,1,0,0,1,0
65,60615.0,5143.0,360,4.57621979617241,33797,0.09,0,0,0,0,1,1,0,0,0,1,0,1,0
760,60637.0,33185.0,240,7.016611460500052,229415,1.82,0,1,0,0,0,0,1,0,0,1,0,1,0
1228,60626.0,49329.0,72,5.021648625569596,12157,0.07,0,1,0,0,0,1,0,0,1,0,0,1,0
643,60625.0,60874.0,360,5.21564545027031,429709,1.69,0,0,0,1,0,0,1,0,0,1,0,0,1
1180,60614.0,17619.0,84,5.296773184420534,29407,0.15,0,0,0,0,1,0,1,0,1,0,0,0,1
607,60623.0,34217.0,72,5.359792270621538,7781,0.4,0,0,0,0,1,0,1,0,1,0,0,1,0
752,60615.0,30286.0,180,3.077493967603455,201343,1.82,0,0,0,0,1,0,1,0,0,1,0,1,0
1276,60623.0,47211.0,72,6.077700743887055,67623,0.91,0,0,1,0,0,0,1,0,1,0,0,1,0
187,60623.0,18615.0,60,4.728108183953386,24834,0.54,0,0,1,0,0,0,1,0,0,0,1,0,1
1073,60614.0,139041.0,360,4.445200614386909,1138689,0.09,0,0,0,0,1,0,1,0,0,1,0,0,1
1049,60614.0,47155.0,72,5.084357646092369,4596,1.82,1,0,0,0,0,1,0,0,1,0,0,1,0
977,60625.0,52461.0,360,2.6103022475923696,396416,0.15,0,0,1,0,0,1,0,0,0,1,0,0,1
1173,60611.0,30393.0,60,7.60059686706662,20533,0.41,0,0,0,0,1,1,0,0,0,0,1,1,0
1121,60623.0,7338.0,12,8.818823939876095,2150,0.41,0,0,1,0,0,0,1,0,0,0,1,1,0
55,60611.0,40035.0,360,3.609747908405157,205765,0.09,0,0,0,0,1,0,1,0,0,1,0,0,1
763,60625.0,21137.0,12,15.252367287917805,11145,1.7,0,0,1,0,0,0,1,0,0,0,1,1,0
662,60614.0,33108.0,180,1.5669426619630136,205765,0.11,0,0,0,1,0,1,0,0,0,1,0,1,0
723,60626.0,51493.0,72,7.019808047911754,29792,1.04,0,0,0,0,1,1,0,0,1,0,0,1,0
227,60611.0,119745.0,180,3.0597660820702237,877225,0.08,0,0,0,0,1,0,1,0,0,1,0,1,0
426,60623.0,41398.0,72,7.957191506631849,20209,1.51,0,0,1,0,0,0,1,0,1,0,0,0,1
785,60626.0,39181.0,60,11.825431634247382,45694,1.42,0,1,0,0,0,0,1,0,0,0,1,0,1
142,60623.0,489.0,60,9.19078614136907,547,0.09,0,0,1,0,0,1,0,0,0,0,1,1,0
791,60611.0,214830.0,18,15.244782674386151,140199,1.15,0,0,0,0,1,1,0,0,0,0,1,0,1
154,60626.0,16779.0,24,13.35113096941994,33075,0.54,0,1,0,0,0,0,1,0,0,0,1,0,1
84,60637.0,4926.0,18,7.888143579009304,4386,0.07,0,1,0,0,0,1,0,0,0,0,1,1,0
246,60626.0,9019.0,48,3.0939730137416923,9331,0.24,1,0,0,0,0,1,0,0,0,0,1,1,0
1091,60611.0,41348.0,360,10.039255696353845,202276,0.09,0,0,0,0,1,0,1,0,0,1,0,0,1
334,60625.0,126.0,300,1.1269521115818666,814,0.12,0,0,0,0,1,0,1,0,0,1,0,1,0
676,60623.0,2404.0,72,6.885273086286647,14330,0.16,0,0,1,0,0,1,0,0,1,0,0,1,0
371,60615.0,32216.0,72,5.1436583240609774,15767,0.38,1,0,0,0,0,1,0,0,1,0,0,1,0
806,60637.0,65885.0,300,3.9863074504493343,458615,2.27,0,0,0,0,1,1,0,0,0,1,0,1,0
685,60614.0,126965.0,84,6.852771420436125,129369,1.95,0,0,0,1,0,0,1,0,1,0,0,0,1
1148,60623.0,40621.0,24,11.504840509555631,33770,0.12,0,1,0,0,0,1,0,0,0,0,1,0,1
1038,60637.0,22095.0,360,4.347115724852469,152803,0.11,0,0,0,0,1,1,0,0,0,1,0,1,0
254,60614.0,34852.0,18,7.087639648721291,24240,1.16,0,1,0,0,0,0,1,0,0,0,1,0,1
176,60623.0,64772.0,360,4.178701484495239,496733,0.09,0,0,1,0,0,1,0,0,0,1,0,1,0
839,60615.0,11060.0,72,4.408405595041103,19272,0.09,0,1,0,0,0,0,1,0,1,0,0,1,0
302,60625.0,12695.0,24,6.824813686669257,14329,1.51,0,0,1,0,0,0,1,0,0,0,1,1,0
440,60626.0,54917.0,60,19.23367121019323,11754,0.13,0,1,0,0,0,1,0,0,0,0,1,1,0
167,60614.0,79590.0,84,6.664948812600691,3064,2.2,0,0,0,0,1,1,0,0,1,0,0,1,0
1054,60615.0,43635.0,72,5.247786917043149,25076,1.16,1,0,0,0,0,1,0,0,1,0,0,1,0
695,60625.0,16733.0,72,6.046377033792343,16496,1.15,0,0,0,0,1,0,1,0,1,0,0,0,1
141,60623.0,49420.0,360,1.4969415796302763,371289,0.13,0,1,0,0,0,0,1,0,0,1,0,1,0
1262,60623.0,38991.0,360,6.948420501647926,306779,0.13,0,1,0,0,0,0,1,0,0,1,0,1,0
1216,60637.0,28840.0,48,5.095648910405691,6100,1.15,0,1,0,0,0,0,1,0,0,0,1,1,0
1155,60614.0,127666.0,240,4.646125309344739,1192229,1.15,0,0,0,0,1,1,0,0,0,1,0,1,0
115,60611.0,94424.0,180,2.9589088652119684,612169,0.41,1,0,0,0,0,0,1,0,0,1,0,1,0
357,60637.0,14070.0,12,19.193099467101057,21182,0.1,0,0,0,1,0,1,0,0,0,0,1,0,1
1024,60615.0,45635.0,240,3.134322865845421,313830,0.14,0,0,0,1,0,1,0,0,0,1,0,1,0
1033,60625.0,111668.0,240,6.059831636890825,631830,1.91,0,0,1,0,0,0,1,0,0,1,0,0,1
37,60625.0,25732.0,300,3.61794921510391,170350,0.14,0,0,0,0,1,0,1,0,0,1,0,0,1
435,60615.0,57330.0,180,3.880061624494393,375931,1.91,0,1,0,0,0,0,1,0,0,1,0,1,0
983,60626.0,12592.0,24,14.57478541991518,3553,0.16,0,0,0,1,0,0,1,0,0,0,1,1,0
844,60626.0,71876.0,360,3.6703249285056985,540156,1.69,0,1,0,0,0,1,0,0,0,1,0,1,0
918,60611.0,189900.0,240,4.931850412026455,1471306,0.09,0,1,0,0,0,1,0,0,0,1,0,1,0
885,60623.0,57167.0,240,1.4623480029738647,426939,0.12,0,0,1,0,0,1,0,0,0,1,0,1,0
280,60611.0,91864.0,240,7.6506293423365,679807,1.42,0,0,0,0,1,0,1,0,0,1,0,0,1
366,60637.0,9742.0,240,3.405351655735802,67887,0.09,0,1,0,0,0,0,1,0,0,1,0,1,0
266,60625.0,18974.0,60,3.0504647712621717,30065,0.12,0,0,1,0,0,0,1,0,1,0,0,0,1
438,60615.0,28112.0,72,6.217101115705287,34743,0.36,0,1,0,0,0,0,1,0,1,0,0,1,0
938,60614.0,245477.0,84,6.115751003563197,107671,1.41,0,0,0,0,1,0,1,0,1,0,0,0,1
291,60637.0,35789.0,300,3.161560094058971,259448,0.14,0,1,0,0,0,1,0,0,0,1,0,1,0
689,60614.0,264377.0,360,3.11524012498786,1719719,0.14,0,0,1,0,0,1,0,0,0,1,0,0,1
1257,60625.0,94042.0,84,5.681733366476483,12551,0.09,0,0,0,0,1,0,1,0,1,0,0,0,1
388,60614.0,329941.0,84,3.978488338739786,349635,1.51,0,0,0,0,1,0,1,0,1,0,0,0,1
398,60626.0,50383.0,84,6.234242252069713,36329,1.91,0,0,1,0,0,1,0,0,1,0,0,1,0
903,60625.0,136400.0,360,1.4765818322589193,853607,0.11,0,0,0,0,1,0,1,0,0,1,0,0,1
577,60614.0,102561.0,240,1.130572534099394,674104,0.54,0,0,0,0,1,1,0,0,0,1,0,0,1
1258,60625.0,74677.0,60,7.063453993323155,41068,1.16,0,0,0,0,1,0,1,0,1,0,0,0,1
1259,60625.0,40714.0,24,6.985660236691095,69809,1.82,0,0,0,0,1,0,1,0,0,0,1,0,1
1175,60623.0,69041.0,180,7.790383007627675,576036,0.11,0,1,0,0,0,1,0,0,0,1,0,1,0
1273,60623.0,42588.0,360,5.258752839421289,327042,0.38,0,0,1,0,0,0,1,0,0,1,0,1,0
120,60615.0,111935.0,360,3.0278017037309786,794094,0.16,0,1,0,0,0,1,0,0,0,1,0,1,0
1186,60637.0,94310.0,360,2.085723430227552,539120,0.11,0,1,0,0,0,0,1,0,0,1,0,1,0
821,60626.0,54878.0,240,3.240999373954742,437108,0.65,0,1,0,0,0,0,1,0,0,1,0,1,0
896,60615.0,67914.0,360,1.818651697649972,549302,0.37,0,1,0,0,0,1,0,0,0,1,0,1,0
482,60625.0,57484.0,60,13.02325847179731,77310,1.51,0,0,0,0,1,1,0,0,0,0,1,0,1
453,60625.0,108722.0,84,5.182509706660558,107046,0.79,0,0,0,0,1,0,1,0,1,0,0,0,1
597,60637.0,58961.0,60,5.18802182084899,34226,0.54,0,1,0,0,0,1,0,0,1,0,0,1,0
1139,60626.0,136702.0,240,5.812100717407468,1119617,0.14,0,1,0,0,0,0,1,0,0,1,0,1,0
831,60625.0,1886.0,12,8.960593923705368,946,0.38,0,0,0,0,1,1,0,0,0,0,1,1,0
272,60611.0,171430.0,72,6.567750394250443,56805,0.41,0,0,0,0,1,1,0,0,1,0,0,0,1
865,60637.0,35194.0,18,5.635245742059641,46809,0.37,0,0,0,1,0,0,1,0,0,0,1,0,1
644,60614.0,108322.0,72,6.303377986153992,27452,0.36,0,0,0,0,1,0,1,0,1,0,0,0,1
789,60626.0,12372.0,60,18.095989666895488,8471,1.69,0,0,0,0,1,1,0,0,0,0,1,1,0
133,60623.0,28301.0,18,6.665503728056764,16250,1.82,0,1,0,0,0,1,0,0,0,0,1,1,0
1117,60637.0,59145.0,180,1.7618373539934753,395361,0.12,0,1,0,0,0,0,1,0,0,1,0,1,0
1222,60623.0,3580.0,72,3.947451473675609,14823,0.11,0,1,0,0,0,1,0,0,1,0,0,1,0
784,60626.0,159973.0,84,5.889947616439909,160079,1.16,0,0,0,0,1,0,1,0,1,0,0,1,0
875,60637.0,70057.0,180,2.098145038746269,436756,0.4,0,1,0,0,0,1,0,0,0,1,0,1,0
1178,60615.0,37226.0,72,5.154561500640822,26386,0.09,0,1,0,0,0,1,0,0,1,0,0,1,0
883,60637.0,60860.0,300,1.0467567894686949,413824,0.36,0,1,0,0,0,1,0,0,0,1,0,1,0
1167,60626.0,7254.0,24,12.053280057384711,7076,1.41,0,0,1,0,0,0,1,0,0,0,1,1,0
619,60614.0,236049.0,72,5.294959550026213,31274,0.9,0,0,0,0,1,0,1,0,1,0,0,0,1
1197,60614.0,49284.0,72,4.165386699360119,46311,0.37,0,0,0,0,1,1,0,0,1,0,0,0,1
356,60615.0,84920.0,180,5.557743054311359,550175,2.2,0,0,0,0,1,0,1,0,0,1,0,1,0
1124,60637.0,57072.0,300,4.984763383484793,380129,0.16,0,1,0,0,0,0,1,0,0,1,0,1,0
353,60625.0,88733.0,360,5.420550920179172,641463,0.15,0,0,0,0,1,1,0,0,0,1,0,0,1
1252,60637.0,90230.0,180,0.6611169231281374,474230,0.15,0,0,0,0,1,0,1,0,0,1,0,1,0
660,60615.0,57109.0,18,10.982009353305658,104338,0.08,0,0,0,0,1,0,1,0,0,0,1,0,1
66,60614.0,5233.0,12,16.32297711387515,7312,1.82,0,0,0,0,1,0,1,0,0,0,1,1,0
497,60623.0,49938.0,60,4.659288489358867,5373,1.15,0,0,1,0,0,1,0,0,1,0,0,1,0
228,60614.0,117340.0,180,5.980042440847427,871397,0.13,1,0,0,0,0,0,1,0,0,1,0,1,0
935,60626.0,70855.0,84,8.300537899926331,35991,2.27,0,0,1,0,0,1,0,0,1,0,0,0,1
59,60614.0,163865.0,240,0.9151181505195192,1155242,0.13,0,0,0,0,1,0,1,0,0,1,0,0,1
547,60625.0,71888.0,240,5.797236007653978,576034,1.3,0,0,0,0,1,1,0,0,0,1,0,1,0
364,60625.0,3067.0,60,13.624455863625172,4848,0.34,0,0,0,0,1,0,1,0,0,0,1,0,1
0,60623.0,72230.0,180,3.3896718621455437,508761,0.34,0,0,1,0,0,0,1,0,0,1,0,1,0
1057,60614.0,15619.0,360,0.8063832757199284,119495,0.12,0,0,0,0,1,0,1,0,0,1,0,1,0
608,60625.0,51177.0,300,2.3521939346547374,441649,0.66,0,0,0,1,0,1,0,0,0,1,0,0,1
1037,60626.0,3792.0,72,5.324198437980948,14240,0.08,0,0,0,0,1,1,0,0,1,0,0,1,0
270,60615.0,70039.0,180,9.194406205071605,602990,0.14,0,1,0,0,0,0,1,0,0,1,0,1,0
237,60637.0,1678.0,48,14.752628713029004,1326,0.11,0,1,0,0,0,0,1,0,0,0,1,1,0
215,60615.0,74815.0,180,5.655156254749088,541557,1.16,0,0,0,0,1,1,0,0,0,1,0,1,0
261,60625.0,39912.0,12,5.363448316015888,34005,0.09,0,0,0,0,1,0,1,0,0,0,1,1,0
305,60611.0,77102.0,240,1.9054782142454911,658063,0.54,0,0,0,0,1,1,0,0,0,1,0,1,0
780,60626.0,2803.0,48,8.009476643696237,2850,0.09,0,0,0,0,1,0,1,0,0,0,1,1,0
1126,60623.0,48092.0,84,5.199816017515877,23461,0.13,0,1,0,0,0,0,1,0,1,0,0,0,1
233,60623.0,41508.0,360,4.1168748042381775,260165,0.09,0,1,0,0,0,1,0,0,0,1,0,1,0
759,60626.0,54761.0,84,6.767281530420481,20830,0.34,0,0,1,0,0,0,1,0,1,0,0,0,1
1046,60637.0,85593.0,72,5.699910468138592,23817,0.66,0,1,0,0,0,1,0,0,1,0,0,0,1
191,60626.0,32274.0,84,3.6602911193289103,9012,0.14,0,0,0,0,1,1,0,0,1,0,0,1,0
1120,60611.0,75868.0,240,3.4451650187150875,694397,0.09,0,0,0,0,1,0,1,0,0,1,0,1,0
405,60623.0,20919.0,84,7.064220985838372,26701,0.13,0,0,1,0,0,0,1,0,1,0,0,1,0
180,60614.0,78006.0,24,9.015877210360522,78253,0.4,0,0,0,0,1,0,1,0,0,0,1,0,1
629,60626.0,24486.0,72,8.347422613846096,28736,0.11,0,1,0,0,0,1,0,0,1,0,0,1,0
1176,60637.0,26804.0,360,4.770943206262755,183237,0.08,0,1,0,0,0,1,0,0,0,1,0,1,0
845,60623.0,1994.0,18,11.047555284727348,1567,0.9,0,1,0,0,0,1,0,0,0,0,1,1,0
694,60625.0,80790.0,48,15.175737787565184,192759,0.37,1,0,0,0,0,1,0,0,0,0,1,0,1
506,60623.0,52427.0,72,9.235696864929023,19100,2.27,0,1,0,0,0,1,0,0,1,0,0,0,1
47,60623.0,2215.0,360,2.962975275771619,17911,0.11,0,0,1,0,0,0,1,0,0,1,0,1,0
1098,60623.0,73205.0,180,2.508778458801129,567255,0.14,0,0,1,0,0,1,0,0,0,1,0,1,0
693,60625.0,79768.0,60,5.895045392789622,30681,0.38,0,0,0,1,0,0,1,0,1,0,0,0,1
663,60611.0,25716.0,60,6.480311555563545,936,1.41,0,0,0,0,1,0,1,0,1,0,0,1,0
456,60615.0,44269.0,72,4.722096752197466,23657,0.09,0,1,0,0,0,0,1,0,1,0,0,1,0
881,60625.0,62697.0,360,4.374423526145851,342215,0.08,0,0,1,0,0,0,1,0,0,1,0,0,1
975,60623.0,17790.0,84,7.841309958808832,7031,1.15,0,1,0,0,0,1,0,0,1,0,0,1,0
155,60623.0,5261.0,84,6.890202974665256,17760,0.09,0,0,0,0,1,0,1,0,1,0,0,1,0
258,60625.0,85286.0,72,5.695515604574302,787,0.41,0,0,0,1,0,1,0,0,1,0,0,1,0
200,60626.0,17266.0,24,18.96896017870233,18495,0.24,0,0,0,0,1,0,1,0,0,0,1,0,1
14,60614.0,300200.0,72,5.533825127771013,87638,0.13,0,0,0,0,1,0,1,0,1,0,0,0,1
399,60611.0,189741.0,300,6.176299048144986,1343481,0.79,0,0,0,0,1,0,1,0,0,1,0,0,1
75,60614.0,30987.0,240,0.1338750484920178,227214,0.13,0,0,0,0,1,0,1,0,0,1,0,1,0
1130,60625.0,99025.0,360,5.55211873538534,734278,0.08,1,0,0,0,0,0,1,0,0,1,0,0,1
706,60614.0,61849.0,84,4.489098516239375,5638,0.12,0,0,0,1,0,0,1,0,1,0,0,1,0
70,60625.0,10370.0,60,5.507306804577365,16903,0.24,0,0,1,0,0,0,1,0,1,0,0,0,1
876,60623.0,5376.0,60,7.261095605820538,18975,0.16,0,0,1,0,0,1,0,0,1,0,0,1,0
908,60623.0,81011.0,360,5.945915931108811,674234,0.09,0,1,0,0,0,0,1,0,0,1,0,0,1
43,60615.0,26005.0,72,5.2941419216264025,8293,0.08,0,0,1,0,0,1,0,0,1,0,0,1,0
879,60637.0,9135.0,12,11.77138856524581,8163,0.91,1,0,0,0,0,1,0,0,0,0,1,1,0
287,60625.0,86517.0,180,0.8554306078339013,798237,0.41,0,0,0,1,0,1,0,0,0,1,0,1,0
1013,60611.0,23545.0,180,3.9975146703331874,155228,0.16,0,0,0,0,1,0,1,0,0,1,0,1,0
392,60615.0,42247.0,84,6.083950477544289,49509,0.14,0,0,0,1,0,0,1,0,1,0,0,1,0
296,60614.0,130716.0,84,3.830447899933759,33378,0.4,0,0,0,0,1,0,1,0,1,0,0,0,1
1223,60626.0,2480.0,72,3.6672026969590177,15365,0.16,0,0,0,0,1,1,0,0,1,0,0,1,0
914,60615.0,64171.0,300,2.399353812160156,470783,0.12,0,1,0,0,0,0,1,0,0,1,0,1,0
3,60623.0,11129.0,60,5.221934703063604,15590,0.09,0,0,1,0,0,0,1,0,0,0,1,0,1
281,60623.0,43604.0,84,5.070660492194769,3847,0.09,0,0,1,0,0,1,0,0,1,0,0,1,0
1280,60637.0,16895.0,60,11.222689370846386,19791,0.79,0,1,0,0,0,0,1,0,0,0,1,0,1
235,60611.0,2961.0,72,5.28239753449058,13475,0.09,0,0,0,1,0,1,0,0,1,0,0,1,0
306,60637.0,44839.0,72,5.520821822323907,34994,0.9,0,1,0,0,0,0,1,0,1,0,0,1,0
1078,60623.0,3539.0,60,6.672254998888424,3057,0.1,0,1,0,0,0,1,0,0,0,0,1,1,0
869,60637.0,52681.0,72,5.089897042576347,46774,1.51,0,1,0,0,0,1,0,0,1,0,0,1,0
493,60637.0,515.0,72,5.734061153349903,14717,0.65,0,1,0,0,0,1,0,0,1,0,0,1,0
1157,60614.0,210022.0,300,6.528350554989259,1290299,0.38,0,0,1,0,0,0,1,0,0,1,0,0,1
1168,60626.0,86461.0,72,4.75622313615868,58740,0.17,0,0,0,1,0,0,1,0,1,0,0,1,0
594,60626.0,11681.0,240,2.2074956918883024,65018,0.15,0,1,0,0,0,1,0,0,0,1,0,1,0
424,60611.0,93594.0,180,0.4181822516582162,522159,0.14,0,0,0,0,1,1,0,0,0,1,0,1,0
755,60615.0,43935.0,84,6.694801437075716,11534,1.69,0,0,0,0,1,0,1,0,1,0,0,1,0
469,60623.0,37181.0,360,5.850299853423764,269030,1.95,0,0,1,0,0,0,1,0,0,1,0,1,0
119,60637.0,64870.0,300,1.8234761287466976,405551,0.12,0,0,0,0,1,0,1,0,0,1,0,1,0
1253,60626.0,14411.0,24,7.444901988276152,1475,0.65,0,1,0,0,0,0,1,0,0,0,1,1,0
67,60623.0,31571.0,12,19.940069671939995,38152,0.13,0,1,0,0,0,0,1,0,0,0,1,0,1
767,60623.0,39596.0,60,8.683495199118019,41451,0.4,0,0,0,1,0,0,1,0,0,0,1,0,1
842,60623.0,26797.0,72,5.185437544829934,33892,0.91,0,1,0,0,0,0,1,0,1,0,0,1,0
1194,60637.0,24593.0,60,7.569550885282965,16203,2.19,0,1,0,0,0,0,1,0,0,0,1,1,0
303,60625.0,73230.0,360,1.543782069879558,448593,0.38,1,0,0,0,0,1,0,0,0,1,0,0,1
71,60637.0,10374.0,18,18.94917163812759,13228,0.24,0,1,0,0,0,0,1,0,0,0,1,0,1
194,60623.0,50585.0,180,5.812491447726558,365465,0.91,0,1,0,0,0,0,1,0,0,1,0,1,0
982,60611.0,79981.0,300,4.431327068392752,552069,0.09,0,0,1,0,0,0,1,0,0,1,0,0,1
574,60615.0,25156.0,60,6.170847886992939,10768,0.4,0,0,0,1,0,0,1,0,1,0,0,1,0
1218,60623.0,53809.0,72,6.285238802560699,9495,1.7,0,1,0,0,0,1,0,0,1,0,0,1,0
923,60614.0,6651.0,18,10.169741653966538,708,0.08,0,0,0,0,1,1,0,0,0,0,1,1,0
165,60625.0,73129.0,60,4.61876967292269,8183,0.4,0,0,0,1,0,0,1,0,1,0,0,1,0
711,60625.0,4221.0,48,5.170925876910491,2110,1.15,0,0,0,0,1,1,0,0,0,0,1,1,0
103,60626.0,67713.0,72,5.108702792604313,83587,0.1,1,0,0,0,0,0,1,0,1,0,0,1,0
930,60615.0,17085.0,360,5.096983472526529,130908,0.12,0,1,0,0,0,0,1,0,0,1,0,1,0
849,60626.0,141683.0,360,6.461426424385334,1166906,0.09,0,1,0,0,0,0,1,0,0,1,0,0,1
1256,60623.0,67159.0,60,5.078055998750167,37029,0.4,0,1,0,0,0,0,1,0,1,0,0,1,0
293,60623.0,48700.0,72,7.900808180068363,30940,1.15,0,0,1,0,0,0,1,0,1,0,0,1,0
1264,60625.0,4804.0,84,4.420902489088716,16553,0.12,0,0,0,0,1,1,0,0,1,0,0,1,0
1210,60625.0,71671.0,240,3.4437868501564206,577831,0.37,0,0,1,0,0,0,1,0,0,1,0,1,0
912,60623.0,13806.0,18,8.460489095944881,11743,1.91,0,0,1,0,0,0,1,0,0,0,1,1,0
46,60615.0,56584.0,180,3.4485028321312097,400865,1.16,0,1,0,0,0,1,0,0,0,1,0,1,0
386,60625.0,121477.0,360,3.1840339373040094,873135,0.11,0,1,0,0,0,0,1,0,0,1,0,0,1
1027,60625.0,33077.0,72,8.004619010727255,9119,1.95,1,0,0,0,0,0,1,0,1,0,0,0,1
948,60611.0,154486.0,360,2.2463131122527367,914710,0.13,0,0,0,0,1,0,1,0,0,1,0,0,1
20,60625.0,155551.0,180,2.786931329706116,1216067,0.41,0,0,1,0,0,0,1,0,0,1,0,1,0
1284,60637.0,3432.0,180,3.119213050360296,24911,0.14,0,1,0,0,0,0,1,0,0,1,0,1,0
1234,60637.0,90734.0,24,14.43811458978806,102514,0.14,0,1,0,0,0,0,1,0,0,0,1,0,1
1064,60615.0,10935.0,72,5.383706853315119,7635,0.13,0,1,0,0,0,1,0,0,1,0,0,1,0
769,60625.0,87964.0,72,3.3018086000854554,48106,0.09,0,0,0,1,0,0,1,0,1,0,0,0,1
609,60623.0,26006.0,60,15.58807757696026,25743,0.38,0,1,0,0,0,1,0,0,0,0,1,0,1
472,60625.0,76996.0,84,8.126387259540673,24980,2.27,0,0,0,0,1,0,1,0,1,0,0,0,1
828,60615.0,18428.0,60,8.249552577006853,8763,2.19,1,0,0,0,0,0,1,0,1,0,0,1,0
1239,60615.0,134242.0,72,5.554681234361722,80169,1.51,0,0,0,1,0,0,1,0,1,0,0,1,0
1105,60625.0,25930.0,300,1.4554319718117688,189153,0.11,0,0,0,0,1,0,1,0,0,1,0,1,0
734,60614.0,197127.0,240,6.975625352086028,1593356,0.14,0,0,0,0,1,1,0,0,0,1,0,1,0
361,60615.0,39739.0,24,10.152443983016417,39263,2.2,0,0,0,0,1,1,0,0,0,0,1,0,1
92,60625.0,49802.0,72,6.78231202367367,2197,0.09,0,0,1,0,0,0,1,0,1,0,0,1,0
412,60623.0,29690.0,72,5.624324564531347,666,0.13,0,1,0,0,0,1,0,0,1,0,0,1,0
552,60623.0,31290.0,60,6.061593682660273,14676,0.4,0,1,0,0,0,0,1,0,1,0,0,1,0
1031,60623.0,25266.0,300,0.6318364738307471,186717,0.07,0,0,1,0,0,1,0,0,0,1,0,1,0
347,60614.0,66961.0,240,4.191794479564184,344625,0.09,0,0,0,0,1,1,0,0,0,1,0,0,1
184,60626.0,40847.0,48,16.42105427502688,23367,0.11,0,1,0,0,0,0,1,0,0,0,1,1,0
420,60614.0,37449.0,240,0.5961180103963769,202442,0.09,0,0,0,0,1,0,1,0,0,1,0,1,0
776,60625.0,21327.0,18,8.715093020389205,15091,0.15,0,0,1,0,0,1,0,0,0,0,1,1,0
681,60625.0,38156.0,60,4.169688578561241,15749,0.38,0,0,0,0,1,0,1,0,1,0,0,0,1
241,60625.0,68656.0,180,4.355300825418091,497529,0.09,1,0,0,0,0,0,1,0,0,1,0,1,0
536,60625.0,138769.0,240,2.3833221130168702,1271004,2.2,0,0,0,1,0,0,1,0,0,1,0,1,0
321,60615.0,9373.0,12,0.6949326800805932,16195,0.37,0,0,0,0,1,0,1,0,0,0,1,1,0
800,60623.0,24905.0,180,1.4996343461957862,175697,0.12,0,0,1,0,0,0,1,0,0,1,0,1,0
1062,60623.0,45368.0,180,3.2517183204916567,399291,0.14,0,0,1,0,0,0,1,0,0,1,0,1,0
732,60614.0,47458.0,84,5.77048836093567,2750,0.38,0,0,0,0,1,1,0,0,1,0,0,1,0
1044,60615.0,29582.0,60,13.8805874223431,30807,1.42,0,0,0,1,0,1,0,0,0,0,1,0,1
1282,60623.0,67464.0,180,2.6298371661759363,408199,0.16,0,0,1,0,0,0,1,0,0,1,0,1,0
934,60615.0,27360.0,84,7.381781928748133,25260,1.82,0,1,0,0,0,1,0,0,1,0,0,1,0
219,60625.0,96941.0,240,6.228346651466189,525049,0.66,1,0,0,0,0,0,1,0,0,1,0,0,1
1096,60625.0,7319.0,24,0.9460870678722696,5247,0.24,1,0,0,0,0,1,0,0,0,0,1,1,0
1192,60615.0,56615.0,60,5.914428220398292,21293,0.12,0,1,0,0,0,0,1,0,1,0,0,1,0
86,60623.0,24815.0,240,6.93695833651654,177566,0.09,0,0,1,0,0,0,1,0,0,1,0,1,0
1019,60637.0,12028.0,18,7.98373969670538,6956,0.24,0,1,0,0,0,0,1,0,0,0,1,1,0
708,60637.0,37060.0,48,5.062859986559641,58509,2.27,0,1,0,0,0,0,1,0,0,0,1,0,1
771,60623.0,34298.0,18,14.76956985658378,26694,0.91,0,1,0,0,0,0,1,0,0,0,1,0,1
650,60626.0,101255.0,300,2.9736680631208423,702832,0.12,0,0,0,1,0,1,0,0,0,1,0,1,0
1151,60623.0,25581.0,18,9.726490834421384,16451,0.09,0,1,0,0,0,0,1,0,0,0,1,0,1
1102,60626.0,33422.0,72,4.020155028680852,23869,0.1,0,1,0,0,0,0,1,0,1,0,0,1,0
592,60626.0,50864.0,60,5.60154809525302,59190,0.11,0,0,0,0,1,0,1,0,0,0,1,0,1
445,60615.0,126398.0,72,6.60869712670346,66587,1.51,0,0,0,1,0,0,1,0,1,0,0,0,1
727,60623.0,6758.0,84,6.602343077319888,16635,0.08,0,1,0,0,0,0,1,0,1,0,0,1,0
153,60623.0,43757.0,60,0.3746477429266656,33314,0.09,0,0,0,1,0,1,0,0,0,0,1,1,0
381,60611.0,79274.0,84,4.4221261297238215,56925,0.08,0,0,0,0,1,0,1,0,1,0,0,0,1
448,60625.0,55621.0,84,5.948825220736283,3807,0.37,0,0,0,1,0,1,0,0,1,0,0,1,0
112,60614.0,114300.0,84,5.39747095568253,7037,0.14,0,0,0,0,1,1,0,0,1,0,0,0,1
671,60623.0,24979.0,180,7.588060605198327,173063,0.39,0,1,0,0,0,0,0,1,0,1,0,1,0
97,60623.0,19043.0,48,10.068147791985336,18667,0.34,0,1,0,0,0,0,1,0,0,0,1,0,1
421,60614.0,121383.0,72,5.266428887684088,39448,0.13,0,0,0,0,1,0,1,0,1,0,0,0,1
1272,60625.0,131004.0,240,5.762981122735342,956363,0.65,0,0,0,0,1,0,1,0,0,1,0,0,1
327,60615.0,82319.0,300,3.034457188393845,540719,1.42,0,1,0,0,0,0,1,0,0,1,0,1,0
111,60623.0,18662.0,360,3.285690211711364,91576,0.17,0,0,0,0,1,1,0,0,0,1,0,1,0
947,60625.0,30093.0,180,1.312134160250101,222699,0.16,0,0,1,0,0,0,1,0,0,1,0,1,0
105,60625.0,23390.0,72,7.349043192530241,9649,1.91,0,0,0,0,1,0,1,0,1,0,0,0,1
1196,60637.0,44070.0,300,1.1805818692001318,373513,0.09,0,0,0,0,1,0,1,0,0,1,0,1,0
687,60637.0,10532.0,18,6.555806763801553,14762,0.54,0,1,0,0,0,1,0,0,0,0,1,1,0
640,60626.0,74993.0,72,2.9567871125854785,15461,0.16,0,0,0,0,1,0,1,0,1,0,0,1,0
731,60625.0,127672.0,240,3.50125810299922,968197,1.3,0,0,1,0,0,0,1,0,0,1,0,0,1
889,60611.0,267474.0,360,1.661109294364462,1491190,1.15,0,0,0,0,1,0,1,0,0,1,0,0,1
834,60623.0,44627.0,240,3.5520495088801747,383875,0.14,0,0,1,0,0,0,1,0,0,1,0,1,0
856,60637.0,16514.0,84,4.172332544561156,22670,0.4,0,1,0,0,0,1,0,0,1,0,0,1,0
240,60637.0,91592.0,72,6.211529648969002,64039,1.15,0,1,0,0,0,1,0,0,1,0,0,1,0
132,60623.0,44318.0,84,4.237379423229607,55767,0.1,0,0,0,1,0,0,1,0,1,0,0,1,0
1243,60623.0,51613.0,24,14.623586223651667,33711,0.34,0,1,0,0,0,1,0,0,0,0,1,0,1
677,60614.0,128020.0,300,2.803963387937596,927203,1.15,0,0,0,0,1,0,1,0,0,1,0,0,1
221,60623.0,12891.0,12,11.395459119548986,11218,0.1,0,1,0,0,0,1,0,0,0,0,1,1,0
714,60637.0,37345.0,48,0.2970993023869867,4366,0.12,0,1,0,0,0,0,1,0,0,0,1,1,0
507,60614.0,8894.0,12,9.289211885443752,16349,1.7,0,0,0,0,1,1,0,0,0,0,1,1,0
792,60626.0,8108.0,18,15.08565880205314,336,0.12,0,1,0,0,0,0,1,0,0,0,1,1,0
434,60614.0,116217.0,60,6.001161471052348,36451,2.27,0,0,0,1,0,0,1,0,1,0,0,0,1
359,60626.0,2658.0,24,5.803977515326029,782,0.38,0,1,0,0,0,1,0,0,0,0,1,1,0
1069,60637.0,14915.0,48,4.017370894035139,12761,1.7,0,1,0,0,0,1,0,0,0,0,1,0,1
1204,60625.0,162732.0,18,18.76380904476533,294520,0.08,0,0,0,0,1,0,1,0,0,0,1,0,1
893,60615.0,10111.0,12,9.810056767929655,10145,1.3,0,1,0,0,0,1,0,0,0,0,1,1,0
290,60626.0,66791.0,360,8.143439062567621,511060,1.7,0,0,0,1,0,1,0,0,0,1,0,0,1
60,60623.0,684.0,300,3.925235006368143,5021,0.14,0,0,1,0,0,1,0,0,0,1,0,1,0
859,60615.0,34921.0,180,3.741487136211728,198611,0.08,0,0,1,0,0,1,0,0,0,1,0,1,0
1266,60637.0,65011.0,84,8.140984435520176,55980,2.2,0,0,0,1,0,0,1,0,1,0,0,1,0
636,60614.0,43085.0,12,6.0733783567066135,31773,1.04,0,0,0,0,1,1,0,0,0,0,1,1,0
656,60625.0,48746.0,72,6.823130460135421,1176,0.66,0,0,0,0,1,1,0,0,1,0,0,1,0
743,60611.0,157299.0,84,4.47893330015232,2727,1.15,0,0,0,0,1,1,0,0,1,0,0,1,0
1113,60623.0,42556.0,12,11.935267256297292,63699,0.09,0,1,0,0,0,0,1,0,0,0,1,0,1
705,60626.0,55404.0,360,4.406349454533531,360981,0.07,0,0,0,0,1,1,0,0,0,1,0,1,0
1245,60623.0,39281.0,300,3.616273620642424,182870,0.11,0,0,1,0,0,0,1,0,0,1,0,1,0
425,60623.0,26678.0,72,4.9354547099880826,18373,0.16,0,0,1,0,0,0,1,0,1,0,0,1,0
1111,60626.0,75821.0,300,4.866408646075095,456938,1.51,0,0,0,0,1,0,1,0,0,1,0,1,0
316,60625.0,2864.0,12,12.800205691977446,3550,2.19,0,0,1,0,0,0,1,0,0,0,1,1,0
326,60625.0,75711.0,180,1.9642959985297372,536420,0.09,0,0,0,1,0,1,0,0,0,1,0,1,0
1278,60637.0,53766.0,72,5.073045733706685,19425,1.15,0,1,0,0,0,1,0,0,1,0,0,1,0
1221,60623.0,68610.0,360,3.5565927667790183,589899,0.37,0,0,1,0,0,0,1,0,0,1,0,1,0
96,60626.0,33625.0,72,5.31888598126265,32225,1.91,0,0,0,0,1,0,1,0,1,0,0,1,0
795,60625.0,787.0,72,4.759974799749495,14729,0.16,0,1,0,0,0,1,0,0,1,0,0,1,0
562,60615.0,29886.0,72,3.985485330723986,4016,0.07,0,0,0,0,1,0,1,0,1,0,0,1,0
531,60637.0,32526.0,72,3.99092549014586,27553,0.24,0,0,0,1,0,1,0,0,1,0,0,1,0
892,60614.0,125252.0,84,4.735993594855713,18048,0.16,0,0,1,0,0,0,1,0,1,0,0,0,1
565,60614.0,293385.0,60,5.314807023329388,51020,0.09,0,0,0,0,1,0,1,0,1,0,0,0,1
35,60623.0,34656.0,72,3.903888539373576,41575,0.4,0,1,0,0,0,0,1,0,1,0,0,1,0
1174,60626.0,12102.0,12,8.22344118443619,11270,0.1,0,0,0,1,0,1,0,0,0,0,1,1,0
618,60615.0,76014.0,300,4.6285524803895575,393672,0.12,1,0,0,0,0,0,1,0,0,1,0,1,0
170,60614.0,102207.0,60,8.903069879222095,8548,1.69,0,1,0,0,0,0,1,0,1,0,0,0,1
489,60623.0,11636.0,72,5.867229861944265,18638,0.12,0,0,1,0,0,1,0,0,1,0,0,1,0
1150,60623.0,28859.0,300,1.653629796928969,208945,0.07,0,1,0,0,0,0,1,0,0,1,0,1,0
51,60623.0,16466.0,24,14.13514814171914,70,0.38,0,0,1,0,0,0,1,0,0,0,1,1,0
939,60615.0,299.0,72,6.221171925177662,15014,2.2,0,1,0,0,0,0,0,1,1,0,0,1,0
1227,60615.0,96049.0,48,16.6942038265895,7936,0.1,0,1,0,0,0,1,0,0,0,0,1,1,0
989,60625.0,63081.0,60,4.596768710522638,11951,0.14,0,0,1,0,0,0,1,0,1,0,0,0,1
813,60637.0,46267.0,72,6.44539162399747,16024,0.12,0,1,0,0,0,0,1,0,1,0,0,1,0
419,60637.0,102350.0,360,1.5392591053237976,798843,0.4,0,1,0,0,0,0,1,0,0,1,0,1,0
325,60615.0,86745.0,300,1.541900003430654,650206,0.09,0,1,0,0,0,1,0,0,0,1,0,1,0
499,60623.0,47240.0,18,15.806755908409029,50729,0.1,0,0,1,0,0,1,0,0,0,0,1,0,1
654,60614.0,32893.0,72,6.024637355724766,3296,1.16,0,0,0,0,1,0,1,0,1,0,0,1,0
418,60614.0,13574.0,60,14.969271993573386,18486,1.16,0,0,0,0,1,0,1,0,0,0,1,0,1
1190,60637.0,10452.0,60,15.520748825623,14611,0.12,0,1,0,0,0,1,0,0,0,0,1,0,1
1158,60637.0,37912.0,72,6.942166449023113,29514,0.41,0,0,0,0,1,1,0,0,1,0,0,1,0
1131,60626.0,22895.0,72,4.983042061054472,31295,0.1,0,1,0,0,0,1,0,0,1,0,0,1,0
378,60623.0,5494.0,18,5.982489296310787,6986,0.14,0,0,1,0,0,0,1,0,0,0,1,1,0
338,60615.0,19515.0,180,5.063938473640978,147622,1.3,0,1,0,0,0,1,0,0,0,1,0,1,0
518,60614.0,19128.0,84,4.189811408185813,12693,0.09,0,0,0,1,0,0,1,0,1,0,0,0,1
1225,60614.0,143536.0,18,15.234564555816332,288044,1.91,0,1,0,0,0,0,1,0,0,0,1,0,1
1208,60614.0,198271.0,240,2.646705331469697,1531061,0.09,0,1,0,0,0,1,0,0,0,1,0,0,1
1026,60625.0,79496.0,60,5.460270072007416,27021,0.4,0,0,1,0,0,0,1,0,1,0,0,0,1
473,60615.0,111292.0,300,4.588784124649604,951640,0.38,0,1,0,0,0,0,1,0,0,1,0,0,1
658,60626.0,128126.0,240,4.52225803983817,1124908,0.09,0,0,0,0,1,0,1,0,0,1,0,1,0
501,60615.0,80202.0,72,5.107402075979543,51363,1.42,0,1,0,0,0,0,1,0,1,0,0,1,0
124,60623.0,33192.0,72,5.642035818674023,14175,0.13,0,0,1,0,0,1,0,0,1,0,0,1,0
407,60614.0,92099.0,60,13.720472811144694,74963,0.65,0,0,0,0,1,1,0,0,0,0,1,1,0
546,60637.0,62422.0,72,7.67510616303321,97095,1.16,0,0,0,1,0,1,0,0,1,0,0,1,0
897,60625.0,50308.0,12,5.788521417246601,53991,0.16,0,0,0,1,0,0,1,0,0,0,1,0,1
701,60614.0,138475.0,84,7.886044944020558,18202,2.27,0,0,0,0,1,0,1,0,1,0,0,0,1
1084,60623.0,76489.0,72,5.757030222773064,12340,1.15,0,0,1,0,0,1,0,0,1,0,0,1,0
468,60611.0,1768.0,60,4.093703456807315,15475,0.09,0,0,0,0,1,1,0,0,1,0,0,1,0
162,60637.0,92781.0,360,4.191670028242184,653576,1.16,0,1,0,0,0,0,1,0,0,1,0,0,1
572,60614.0,175834.0,180,3.454293265713276,1240287,0.4,0,0,0,0,1,0,1,0,0,1,0,1,0
